{"cameraMode":{"drawMode":0,"name":"Shaded","section":"Shading Mode"},"sceneLighting":false,"audioPlay":false,"sceneViewState":{"m_AlwaysRefresh":false,"showFog":true,"showSkybox":false,"showFlares":true,"showImageEffects":true,"showParticleSystems":true,"showVisualEffectGraphs":true,"m_FxEnabled":true},"in2DMode":false,"pivot":{"x":0.36000001430511477,"y":-0.5899999141693115,"z":-0.3009999990463257},"rotation":{"x":0.019496308639645578,"y":-0.015894688665866853,"z":0.00030999392038211226,"w":0.9996843934059143},"size":0.4330157935619354,"orthographic":false}